{"cameraMode":{"drawMode":0,"name":"Shaded","section":"Shading Mode"},"sceneLighting":false,"audioPlay":false,"sceneViewState":{"m_AlwaysRefresh":false,"showFog":true,"showSkybox":false,"showFlares":true,"showImageEffects":true,"showParticleSystems":true,"showVisualEffectGraphs":true,"m_FxEnabled":true},"in2DMode":false,"pivot":{"x":1.4798355102539063,"y":1.3414419889450074,"z":2.9593496322631838},"rotation":{"x":0.003270102199167013,"y":0.9901489019393921,"z":-0.021058518439531328,"w":0.14093390107154847},"size":1.157726526260376,"orthographic":false}