{"cameraMode":{"drawMode":0,"name":"Shaded","section":"Shading Mode"},"sceneLighting":false,"audioPlay":false,"sceneViewState":{"m_AlwaysRefresh":false,"showFog":true,"showSkybox":false,"showFlares":true,"showImageEffects":true,"showParticleSystems":true,"showVisualEffectGraphs":true,"m_FxEnabled":true},"in2DMode":false,"pivot":{"x":2.5898773670196535,"y":3.0853896141052248,"z":-1.4784563779830933},"rotation":{"x":-0.44605493545532229,"y":-0.03504021838307381,"z":0.018317481502890588,"w":-0.8945099711418152},"size":1.2665647268295289,"orthographic":false}