{"cameraMode":{"drawMode":0,"name":"Shaded","section":"Shading Mode"},"sceneLighting":false,"audioPlay":false,"sceneViewState":{"m_AlwaysRefresh":false,"showFog":true,"showSkybox":false,"showFlares":true,"showImageEffects":true,"showParticleSystems":true,"showVisualEffectGraphs":true,"m_FxEnabled":true},"in2DMode":false,"pivot":{"x":1.7881393432617188e-7,"y":0.8664480447769165,"z":-0.32435253262519839},"rotation":{"x":0.08891471475362778,"y":-0.40736979246139529,"z":0.03972679749131203,"w":0.9084858894348145},"size":0.8023963570594788,"orthographic":false}